URL,Page Type,Word Count,Structure Uniqueness %,JSON-LD,Canonical,AI-template signals (0-10),Doorway Risk
https://rybezh.site/,landing,355,100.0,Yes,Yes,0,Low
https://rybezh.site/vacancies.html,category,103,100.0,Yes,Yes,0,Low
https://rybezh.site/blog.html,category,959,100.0,Yes,Yes,0,Low
https://rybezh.site/about.html,landing,1303,100.0,Yes,Yes,0,Low
https://rybezh.site/apply.html,landing,59,100.0,Yes,Yes,0,Low
https://rybezh.site/contact.html,landing,240,100.0,No,Yes,2,Low
https://rybezh.site/company.html,landing,235,100.0,No,Yes,2,Low
https://rybezh.site/faq.html,landing,270,100.0,Yes,Yes,0,Low
https://rybezh.site/privacy.html,landing,1447,100.0,No,Yes,2,Low
https://rybezh.site/terms.html,landing,187,100.0,No,Yes,2,Low
https://rybezh.site/calculator.html,landing,394,100.0,Yes,Yes,0,Low
https://rybezh.site/cv-generator.html,landing,260,100.0,Yes,Yes,0,Low
https://rybezh.site/red-flag.html,landing,649,100.0,Yes,Yes,0,Low
https://rybezh.site/map.html,landing,308,100.0,Yes,Yes,0,Low
https://rybezh.site/proof.html,landing,84,100.0,No,Yes,2,Low
https://rybezh.site/krakow-hospitality-chef-open-kitchen-human-401.html,job,744,100.0,Yes,Yes,0,Low
https://rybezh.site/warsaw-hospitality-waiter-family-bistro-human-402.html,job,524,100.0,Yes,Yes,0,Low
https://rybezh.site/wroclaw-construction-general-worker-renovation-human-403.html,job,494,100.0,Yes,Yes,0,Low
https://rybezh.site/poznan-logistics-loader-crossdock-human-404.html,job,606,100.0,Yes,Yes,0,Low
https://rybezh.site/gdansk-production-night-baker-human-405.html,job,387,100.0,Yes,Yes,0,Low
https://rybezh.site/lodz-retail-barista-specialty-coffee-human-406.html,job,491,100.0,Yes,Yes,0,Low
https://rybezh.site/lodz-logistics-night-sorter-operator-unique-314.html,job,643,100.0,Yes,Yes,0,Low
https://rybezh.site/gdansk-food-production-quality-checker-unique-315.html,job,574,100.0,Yes,Yes,0,Low
https://rybezh.site/warsaw-logistics-kierowca-kurier-kat-b-1.html,job,789,100.0,Yes,Yes,1,Low
https://rybezh.site/krakow-logistics-kierowca-kurier-kat-b-2.html,job,614,100.0,Yes,Yes,0,Low
https://rybezh.site/wroclaw-logistics-kurier-auto-firmowe--3.html,job,752,100.0,Yes,Yes,1,Low
https://rybezh.site/poznan-logistics-dostawca-paczek-4.html,job,554,100.0,Yes,Yes,0,Low
https://rybezh.site/gdansk-logistics-dostawca-paczek-5.html,job,733,100.0,Yes,Yes,1,Low
https://rybezh.site/szczecin-logistics-kierowca-kurier-kat-b-6.html,job,639,100.0,Yes,Yes,0,Low
https://rybezh.site/lodz-logistics-kierowca-kurier-kat-b-7.html,job,752,100.0,Yes,Yes,0,Low
https://rybezh.site/katowice-logistics-kierowca-kurier-kat-b-8.html,job,649,100.0,Yes,Yes,0,Low
https://rybezh.site/lublin-logistics-kierowca-kurier-kat-b-9.html,job,713,100.0,Yes,Yes,0,Low
https://rybezh.site/bialystok-logistics-dostawca-paczek-10.html,job,610,100.0,Yes,Yes,0,Low
https://rybezh.site/rzeszow-logistics-kierowca-kurier-kat-b-11.html,job,593,100.0,Yes,Yes,0,Low
https://rybezh.site/sosnowiec-logistics-kurier-auto-firmowe--12.html,job,588,100.0,Yes,Yes,0,Low
https://rybezh.site/gdynia-logistics-kierowca-kurier-kat-b-13.html,job,516,100.0,Yes,Yes,0,Low
https://rybezh.site/warsaw-logistics-kierowca-ci-gnika-siodlowego-14.html,job,762,100.0,Yes,Yes,0,Low
https://rybezh.site/krakow-logistics-kierowca-ci-gnika-siodlowego-15.html,job,580,100.0,Yes,Yes,0,Low
https://rybezh.site/wroclaw-logistics-kierowca-mi-dzynarodowy-16.html,job,699,100.0,Yes,Yes,0,Low
https://rybezh.site/poznan-logistics-kierowca-mi-dzynarodowy-17.html,job,512,100.0,Yes,Yes,0,Low
https://rybezh.site/gdansk-logistics-kierowca-ci-gnika-siodlowego-18.html,job,582,100.0,Yes,Yes,0,Low
https://rybezh.site/szczecin-logistics-kierowca-mi-dzynarodowy-19.html,job,771,100.0,Yes,Yes,0,Low
https://rybezh.site/lodz-logistics-kierowca-c-e-20.html,job,756,100.0,Yes,Yes,0,Low
https://rybezh.site/katowice-logistics-kierowca-c-e-21.html,job,636,100.0,Yes,Yes,0,Low
https://rybezh.site/lublin-logistics-kierowca-ci-gnika-siodlowego-22.html,job,752,100.0,Yes,Yes,0,Low
https://rybezh.site/bialystok-logistics-kierowca-mi-dzynarodowy-23.html,job,635,100.0,Yes,Yes,0,Low
https://rybezh.site/rzeszow-logistics-kierowca-c-e-24.html,job,677,100.0,Yes,Yes,0,Low
https://rybezh.site/torun-logistics-kierowca-mi-dzynarodowy-25.html,job,643,100.0,Yes,Yes,0,Low
https://rybezh.site/sosnowiec-logistics-kierowca-c-e-26.html,job,709,100.0,Yes,Yes,0,Low
https://rybezh.site/gdynia-logistics-kierowca-c-e-27.html,job,582,100.0,Yes,Yes,0,Low
https://rybezh.site/warsaw-logistics-pakowacz-odzie-y-28.html,job,575,100.0,Yes,Yes,0,Low
https://rybezh.site/krakow-logistics-pakowacz-odzie-y-29.html,job,522,100.0,Yes,Yes,0,Low
https://rybezh.site/wroclaw-logistics-pracownik-magazynu-30.html,job,659,100.0,Yes,Yes,0,Low
https://rybezh.site/szczecin-logistics-sortownik-31.html,job,610,100.0,Yes,Yes,0,Low
https://rybezh.site/lodz-logistics-sortownik-32.html,job,598,100.0,Yes,Yes,0,Low
https://rybezh.site/lublin-logistics-sortownik-33.html,job,752,100.0,Yes,Yes,0,Low
https://rybezh.site/bialystok-logistics-sortownik-34.html,job,482,100.0,Yes,Yes,0,Low
https://rybezh.site/rzeszow-logistics-pracownik-magazynu-35.html,job,583,100.0,Yes,Yes,0,Low
https://rybezh.site/torun-logistics-pracownik-magazynu-36.html,job,611,100.0,Yes,Yes,0,Low
https://rybezh.site/plock-logistics-pakowacz-odzie-y-37.html,job,695,100.0,Yes,Yes,0,Low
https://rybezh.site/sosnowiec-logistics-sortownik-38.html,job,512,100.0,Yes,Yes,0,Low
https://rybezh.site/gdynia-logistics-pracownik-magazynu-39.html,job,557,100.0,Yes,Yes,0,Low
https://rybezh.site/warsaw-logistics-operator-w-zka-widlowego-40.html,job,563,100.0,Yes,Yes,1,Low
https://rybezh.site/krakow-logistics-kierowca-w-zka-udt-41.html,job,615,100.0,Yes,Yes,0,Low
https://rybezh.site/wroclaw-logistics-operator-w-zka-widlowego-42.html,job,707,100.0,Yes,Yes,1,Low
https://rybezh.site/poznan-logistics-operator-w-zka-widlowego-43.html,job,606,100.0,Yes,Yes,0,Low
https://rybezh.site/szczecin-logistics-kierowca-w-zka-udt-44.html,job,590,100.0,Yes,Yes,0,Low
https://rybezh.site/lodz-logistics-operator-w-zka-jezdniowego-45.html,job,517,100.0,Yes,Yes,1,Low
https://rybezh.site/katowice-logistics-operator-w-zka-jezdniowego-46.html,job,583,100.0,Yes,Yes,0,Low
https://rybezh.site/lublin-logistics-operator-w-zka-jezdniowego-47.html,job,730,100.0,Yes,Yes,0,Low
https://rybezh.site/bialystok-logistics-kierowca-w-zka-udt-48.html,job,589,100.0,Yes,Yes,0,Low
https://rybezh.site/rzeszow-logistics-operator-w-zka-jezdniowego-49.html,job,555,100.0,Yes,Yes,0,Low
https://rybezh.site/torun-logistics-kierowca-w-zka-udt-50.html,job,618,100.0,Yes,Yes,1,Low
https://rybezh.site/plock-logistics-operator-w-zka-jezdniowego-51.html,job,563,100.0,Yes,Yes,0,Low
https://rybezh.site/sosnowiec-logistics-kierowca-w-zka-udt-52.html,job,570,100.0,Yes,Yes,0,Low
https://rybezh.site/gdynia-logistics-operator-w-zka-jezdniowego-53.html,job,704,100.0,Yes,Yes,0,Low
https://rybezh.site/warsaw-construction-robotnik-budowlany-54.html,job,522,100.0,Yes,Yes,0,Low
https://rybezh.site/krakow-construction-robotnik-budowlany-55.html,job,502,100.0,Yes,Yes,0,Low
https://rybezh.site/wroclaw-construction-pomocnik-budowlany-56.html,job,598,100.0,Yes,Yes,0,Low
https://rybezh.site/poznan-construction-robotnik-budowlany-57.html,job,729,100.0,Yes,Yes,0,Low
https://rybezh.site/gdansk-construction-robotnik-budowlany-58.html,job,756,100.0,Yes,Yes,0,Low
https://rybezh.site/szczecin-construction-pomocnik-budowlany-59.html,job,613,100.0,Yes,Yes,0,Low
https://rybezh.site/lodz-construction-robotnik-budowlany-60.html,job,610,100.0,Yes,Yes,0,Low
https://rybezh.site/katowice-construction-pracownik-og-lnobudowlany-61.html,job,586,100.0,Yes,Yes,0,Low
https://rybezh.site/lublin-construction-pomocnik-budowlany-62.html,job,708,100.0,Yes,Yes,1,Low
https://rybezh.site/bialystok-construction-pomocnik-budowlany-63.html,job,736,100.0,Yes,Yes,1,Low
https://rybezh.site/rzeszow-construction-pracownik-og-lnobudowlany-64.html,job,644,100.0,Yes,Yes,0,Low
https://rybezh.site/torun-construction-pomocnik-budowlany-65.html,job,641,100.0,Yes,Yes,1,Low
https://rybezh.site/plock-construction-pracownik-og-lnobudowlany-66.html,job,638,100.0,Yes,Yes,0,Low
https://rybezh.site/sosnowiec-construction-robotnik-budowlany-67.html,job,605,100.0,Yes,Yes,0,Low
https://rybezh.site/gdynia-construction-pomocnik-budowlany-68.html,job,706,100.0,Yes,Yes,0,Low
https://rybezh.site/warsaw-construction-elektromonter-69.html,job,651,100.0,Yes,Yes,1,Low
https://rybezh.site/krakow-construction-elektryk-70.html,job,519,100.0,Yes,Yes,1,Low
https://rybezh.site/wroclaw-construction-monter-sieci-71.html,job,647,100.0,Yes,Yes,0,Low
https://rybezh.site/poznan-construction-elektromonter-72.html,job,639,100.0,Yes,Yes,0,Low
https://rybezh.site/gdansk-construction-monter-sieci-73.html,job,558,100.0,Yes,Yes,1,Low
https://rybezh.site/szczecin-construction-monter-sieci-74.html,job,561,100.0,Yes,Yes,0,Low
https://rybezh.site/lodz-construction-elektromonter-75.html,job,554,100.0,Yes,Yes,0,Low
https://rybezh.site/katowice-construction-elektryk-76.html,job,519,100.0,Yes,Yes,0,Low
https://rybezh.site/lublin-construction-monter-sieci-77.html,job,700,100.0,Yes,Yes,1,Low
https://rybezh.site/bialystok-construction-monter-sieci-78.html,job,573,100.0,Yes,Yes,0,Low
https://rybezh.site/rzeszow-construction-elektromonter-79.html,job,638,100.0,Yes,Yes,0,Low
https://rybezh.site/torun-construction-elektryk-80.html,job,552,100.0,Yes,Yes,0,Low
https://rybezh.site/plock-construction-elektryk-81.html,job,547,100.0,Yes,Yes,0,Low
https://rybezh.site/sosnowiec-construction-monter-sieci-82.html,job,556,100.0,Yes,Yes,0,Low
https://rybezh.site/gdynia-construction-elektromonter-83.html,job,596,100.0,Yes,Yes,0,Low
https://rybezh.site/warsaw-construction-monter-instalacji-sanitarnych-84.html,job,615,100.0,Yes,Yes,0,Low
https://rybezh.site/krakow-construction-instalator-wod-kan-85.html,job,599,100.0,Yes,Yes,0,Low
https://rybezh.site/wroclaw-construction-hydraulik-86.html,job,716,100.0,Yes,Yes,1,Low
https://rybezh.site/poznan-construction-hydraulik-87.html,job,765,100.0,Yes,Yes,0,Low
https://rybezh.site/gdansk-construction-monter-instalacji-sanitarnych-88.html,job,580,100.0,Yes,Yes,0,Low
https://rybezh.site/szczecin-construction-instalator-wod-kan-89.html,job,535,100.0,Yes,Yes,0,Low
https://rybezh.site/lodz-construction-monter-instalacji-sanitarnych-90.html,job,598,100.0,Yes,Yes,0,Low
https://rybezh.site/katowice-construction-hydraulik-91.html,job,697,100.0,Yes,Yes,1,Low
https://rybezh.site/lublin-construction-hydraulik-92.html,job,757,100.0,Yes,Yes,0,Low
https://rybezh.site/bialystok-construction-instalator-wod-kan-93.html,job,692,100.0,Yes,Yes,1,Low
https://rybezh.site/rzeszow-construction-monter-instalacji-sanitarnych-94.html,job,716,100.0,Yes,Yes,0,Low
https://rybezh.site/plock-construction-hydraulik-95.html,job,643,100.0,Yes,Yes,0,Low
https://rybezh.site/sosnowiec-construction-monter-instalacji-sanitarnych-96.html,job,597,100.0,Yes,Yes,0,Low
https://rybezh.site/gdynia-construction-instalator-wod-kan-97.html,job,634,100.0,Yes,Yes,0,Low
https://rybezh.site/warsaw-construction-spawacz-mig-mag-98.html,job,601,100.0,Yes,Yes,0,Low
https://rybezh.site/krakow-construction-spawacz-tig-99.html,job,508,100.0,Yes,Yes,0,Low
https://rybezh.site/wroclaw-construction-spawacz-tig-100.html,job,580,100.0,Yes,Yes,0,Low
https://rybezh.site/poznan-construction-spawacz-mig-mag-101.html,job,536,100.0,Yes,Yes,0,Low
https://rybezh.site/gdansk-construction-spawacz-mig-mag-102.html,job,635,100.0,Yes,Yes,0,Low
https://rybezh.site/szczecin-construction-spawacz-mig-mag-103.html,job,579,100.0,Yes,Yes,0,Low
https://rybezh.site/lodz-construction--lusarz-spawacz-104.html,job,583,100.0,Yes,Yes,0,Low
https://rybezh.site/katowice-construction-spawacz-mig-mag-105.html,job,548,100.0,Yes,Yes,0,Low
https://rybezh.site/lublin-construction-spawacz-tig-106.html,job,624,100.0,Yes,Yes,0,Low
https://rybezh.site/bialystok-construction-spawacz-mig-mag-107.html,job,587,100.0,Yes,Yes,0,Low
https://rybezh.site/rzeszow-construction-spawacz-tig-108.html,job,536,100.0,Yes,Yes,0,Low
https://rybezh.site/torun-construction-spawacz-mig-mag-109.html,job,651,100.0,Yes,Yes,0,Low
https://rybezh.site/plock-construction-spawacz-tig-110.html,job,528,100.0,Yes,Yes,0,Low
https://rybezh.site/sosnowiec-construction-spawacz-tig-111.html,job,508,100.0,Yes,Yes,0,Low
https://rybezh.site/gdynia-construction--lusarz-spawacz-112.html,job,666,100.0,Yes,Yes,0,Low
https://rybezh.site/warsaw-production-pracownik-linii-produkcyjnej-113.html,job,735,100.0,Yes,Yes,0,Low
https://rybezh.site/krakow-production-pracownik-linii-produkcyjnej-114.html,job,611,100.0,Yes,Yes,1,Low
https://rybezh.site/wroclaw-production-operator-maszyn-115.html,job,756,100.0,Yes,Yes,0,Low
https://rybezh.site/poznan-production-pracownik-linii-produkcyjnej-116.html,job,567,100.0,Yes,Yes,1,Low
https://rybezh.site/gdansk-production-pracownik-linii-produkcyjnej-117.html,job,713,100.0,Yes,Yes,0,Low
https://rybezh.site/szczecin-production-monter-podzespol-w-118.html,job,550,100.0,Yes,Yes,0,Low
https://rybezh.site/lodz-production-monter-podzespol-w-119.html,job,623,100.0,Yes,Yes,1,Low
https://rybezh.site/katowice-production-pracownik-linii-produkcyjnej-120.html,job,559,100.0,Yes,Yes,0,Low
https://rybezh.site/lublin-production-monter-podzespol-w-121.html,job,762,100.0,Yes,Yes,1,Low
https://rybezh.site/bialystok-production-pracownik-linii-produkcyjnej-122.html,job,583,100.0,Yes,Yes,0,Low
https://rybezh.site/rzeszow-production-pracownik-linii-produkcyjnej-123.html,job,560,100.0,Yes,Yes,0,Low
https://rybezh.site/torun-production-monter-podzespol-w-124.html,job,585,100.0,Yes,Yes,0,Low
https://rybezh.site/plock-production-monter-podzespol-w-125.html,job,598,100.0,Yes,Yes,0,Low
https://rybezh.site/sosnowiec-production-pracownik-linii-produkcyjnej-126.html,job,776,100.0,Yes,Yes,0,Low
https://rybezh.site/gdynia-production-monter-podzespol-w-127.html,job,582,100.0,Yes,Yes,0,Low
https://rybezh.site/warsaw-production-operator-cnc-128.html,job,528,100.0,Yes,Yes,1,Low
https://rybezh.site/wroclaw-production-tokarz-cnc-129.html,job,599,100.0,Yes,Yes,1,Low
https://rybezh.site/poznan-production-tokarz-cnc-130.html,job,545,100.0,Yes,Yes,0,Low
https://rybezh.site/gdansk-production-frezer-cnc-131.html,job,633,100.0,Yes,Yes,0,Low
https://rybezh.site/lodz-production-frezer-cnc-132.html,job,668,100.0,Yes,Yes,1,Low
https://rybezh.site/katowice-production-frezer-cnc-133.html,job,574,100.0,Yes,Yes,0,Low
https://rybezh.site/lublin-production-frezer-cnc-134.html,job,586,100.0,Yes,Yes,0,Low
https://rybezh.site/bialystok-production-tokarz-cnc-135.html,job,605,100.0,Yes,Yes,0,Low
https://rybezh.site/rzeszow-production-tokarz-cnc-136.html,job,637,100.0,Yes,Yes,0,Low
https://rybezh.site/torun-production-operator-cnc-137.html,job,659,100.0,Yes,Yes,1,Low
https://rybezh.site/plock-production-operator-cnc-138.html,job,616,100.0,Yes,Yes,0,Low
https://rybezh.site/sosnowiec-production-frezer-cnc-139.html,job,577,100.0,Yes,Yes,0,Low
https://rybezh.site/gdynia-production-frezer-cnc-140.html,job,588,100.0,Yes,Yes,0,Low
https://rybezh.site/warsaw-production-operator-pakowania-141.html,job,566,100.0,Yes,Yes,1,Low
https://rybezh.site/wroclaw-production-pracownik-fabryki-czekolady-142.html,job,619,100.0,Yes,Yes,0,Low
https://rybezh.site/poznan-production-operator-pakowania-143.html,job,625,100.0,Yes,Yes,1,Low
https://rybezh.site/gdansk-production-operator-pakowania-144.html,job,703,100.0,Yes,Yes,0,Low
https://rybezh.site/szczecin-production-pakowacz-145.html,job,750,100.0,Yes,Yes,0,Low
https://rybezh.site/lodz-production-operator-pakowania-146.html,job,579,100.0,Yes,Yes,0,Low
https://rybezh.site/katowice-production-pracownik-fabryki-czekolady-147.html,job,560,100.0,Yes,Yes,1,Low
https://rybezh.site/lublin-production-pracownik-fabryki-czekolady-148.html,job,573,100.0,Yes,Yes,0,Low
https://rybezh.site/bialystok-production-pakowacz-149.html,job,744,100.0,Yes,Yes,0,Low
https://rybezh.site/rzeszow-production-pracownik-fabryki-czekolady-150.html,job,595,100.0,Yes,Yes,0,Low
https://rybezh.site/torun-production-pracownik-fabryki-czekolady-151.html,job,549,100.0,Yes,Yes,0,Low
https://rybezh.site/plock-production-pracownik-fabryki-czekolady-152.html,job,635,100.0,Yes,Yes,0,Low
https://rybezh.site/sosnowiec-production-operator-pakowania-153.html,job,728,100.0,Yes,Yes,0,Low
https://rybezh.site/gdynia-production-pracownik-fabryki-czekolady-154.html,job,581,100.0,Yes,Yes,0,Low
https://rybezh.site/warsaw-agriculture-zbieracz-owoc-w-155.html,job,528,100.0,Yes,Yes,0,Low
https://rybezh.site/krakow-agriculture-zbieracz-owoc-w-156.html,job,596,100.0,Yes,Yes,0,Low
https://rybezh.site/wroclaw-agriculture-pracownik-szklarni-157.html,job,718,100.0,Yes,Yes,0,Low
https://rybezh.site/szczecin-agriculture-zbieracz-owoc-w-158.html,job,699,100.0,Yes,Yes,0,Low
https://rybezh.site/lodz-agriculture-pomocnik-ogrodnika-159.html,job,582,100.0,Yes,Yes,0,Low
https://rybezh.site/katowice-agriculture-pracownik-szklarni-160.html,job,645,100.0,Yes,Yes,0,Low
https://rybezh.site/lublin-agriculture-zbieracz-owoc-w-161.html,job,537,100.0,Yes,Yes,0,Low
https://rybezh.site/rzeszow-agriculture-pracownik-szklarni-162.html,job,595,100.0,Yes,Yes,0,Low
https://rybezh.site/plock-agriculture-pomocnik-ogrodnika-163.html,job,676,100.0,Yes,Yes,0,Low
https://rybezh.site/gdynia-agriculture-zbieracz-owoc-w-164.html,job,542,100.0,Yes,Yes,0,Low
https://rybezh.site/warsaw-cleaning-pokoj-wka-165.html,job,563,100.0,Yes,Yes,1,Low
https://rybezh.site/krakow-cleaning-sprz-taczka-biurowa-166.html,job,610,100.0,Yes,Yes,0,Low
https://rybezh.site/wroclaw-cleaning-sprz-taczka-biurowa-167.html,job,642,100.0,Yes,Yes,0,Low
https://rybezh.site/poznan-cleaning-sprz-taczka-biurowa-168.html,job,603,100.0,Yes,Yes,1,Low
https://rybezh.site/gdansk-cleaning-pokoj-wka-169.html,job,496,100.0,Yes,Yes,0,Low
https://rybezh.site/szczecin-cleaning-sprz-taczka-biurowa-170.html,job,724,100.0,Yes,Yes,0,Low
https://rybezh.site/lodz-cleaning-osoba-sprz-taj-ca-171.html,job,743,100.0,Yes,Yes,0,Low
https://rybezh.site/katowice-cleaning-pokoj-wka-172.html,job,707,100.0,Yes,Yes,0,Low
https://rybezh.site/lublin-cleaning-pokoj-wka-173.html,job,606,100.0,Yes,Yes,0,Low
https://rybezh.site/bialystok-cleaning-sprz-taczka-biurowa-174.html,job,632,100.0,Yes,Yes,0,Low
https://rybezh.site/rzeszow-cleaning-sprz-taczka-biurowa-175.html,job,618,100.0,Yes,Yes,0,Low
https://rybezh.site/torun-cleaning-pokoj-wka-176.html,job,583,100.0,Yes,Yes,0,Low
https://rybezh.site/plock-cleaning-sprz-taczka-biurowa-177.html,job,686,100.0,Yes,Yes,0,Low
https://rybezh.site/sosnowiec-cleaning-osoba-sprz-taj-ca-178.html,job,584,100.0,Yes,Yes,0,Low
https://rybezh.site/gdynia-cleaning-sprz-taczka-biurowa-179.html,job,576,100.0,Yes,Yes,1,Low
https://rybezh.site/warsaw-hospitality-pomoc-kuchenna-180.html,job,554,100.0,Yes,Yes,1,Low
https://rybezh.site/krakow-hospitality-asystent-kuchni-181.html,job,681,100.0,Yes,Yes,1,Low
https://rybezh.site/wroclaw-hospitality-pracownik-kuchni-182.html,job,730,100.0,Yes,Yes,0,Low
https://rybezh.site/poznan-hospitality-pomoc-kuchenna-183.html,job,568,100.0,Yes,Yes,0,Low
https://rybezh.site/gdansk-hospitality-pracownik-kuchni-184.html,job,566,100.0,Yes,Yes,1,Low
https://rybezh.site/szczecin-hospitality-pomoc-kuchenna-185.html,job,713,100.0,Yes,Yes,0,Low
https://rybezh.site/lodz-hospitality-pomoc-kuchenna-186.html,job,635,100.0,Yes,Yes,1,Low
https://rybezh.site/katowice-hospitality-pomoc-kuchenna-187.html,job,562,100.0,Yes,Yes,1,Low
https://rybezh.site/bialystok-hospitality-pomoc-kuchenna-188.html,job,498,100.0,Yes,Yes,0,Low
https://rybezh.site/rzeszow-hospitality-pracownik-kuchni-189.html,job,507,100.0,Yes,Yes,0,Low
https://rybezh.site/torun-hospitality-pracownik-kuchni-190.html,job,497,100.0,Yes,Yes,1,Low
https://rybezh.site/plock-hospitality-pomoc-kuchenna-191.html,job,653,100.0,Yes,Yes,0,Low
https://rybezh.site/sosnowiec-hospitality-asystent-kuchni-192.html,job,626,100.0,Yes,Yes,0,Low
https://rybezh.site/gdynia-hospitality-asystent-kuchni-193.html,job,659,100.0,Yes,Yes,1,Low
https://rybezh.site/warsaw-hospitality-pizzerman-194.html,job,750,100.0,Yes,Yes,0,Low
https://rybezh.site/krakow-hospitality-pomoc-kuchenna-195.html,job,708,100.0,Yes,Yes,1,Low
https://rybezh.site/wroclaw-hospitality-pizzerman-196.html,job,483,100.0,Yes,Yes,0,Low
https://rybezh.site/poznan-hospitality-kucharz-197.html,job,608,100.0,Yes,Yes,1,Low
https://rybezh.site/gdansk-hospitality-kucharz-198.html,job,456,100.0,Yes,Yes,0,Low
https://rybezh.site/szczecin-hospitality-pizzerman-199.html,job,694,100.0,Yes,Yes,0,Low
https://rybezh.site/lodz-hospitality-pomoc-kuchenna-200.html,job,539,100.0,Yes,Yes,0,Low
https://rybezh.site/katowice-hospitality-pomoc-kuchenna-201.html,job,535,100.0,Yes,Yes,0,Low
https://rybezh.site/lublin-hospitality-pizzerman-202.html,job,470,100.0,Yes,Yes,0,Low
https://rybezh.site/rzeszow-hospitality-pomoc-kuchenna-203.html,job,575,100.0,Yes,Yes,0,Low
https://rybezh.site/torun-hospitality-pizzerman-204.html,job,599,100.0,Yes,Yes,0,Low
https://rybezh.site/gdynia-hospitality-pomoc-kuchenna-205.html,job,554,100.0,Yes,Yes,1,Low
https://rybezh.site/warsaw-hospitality-barman-206.html,job,709,100.0,Yes,Yes,0,Low
https://rybezh.site/krakow-hospitality-barista-207.html,job,538,100.0,Yes,Yes,0,Low
https://rybezh.site/wroclaw-hospitality-barman-208.html,job,540,100.0,Yes,Yes,0,Low
https://rybezh.site/gdansk-hospitality-barista-209.html,job,724,100.0,Yes,Yes,0,Low
https://rybezh.site/lodz-hospitality-barman-210.html,job,627,100.0,Yes,Yes,0,Low
https://rybezh.site/lublin-hospitality-barista-211.html,job,531,100.0,Yes,Yes,0,Low
https://rybezh.site/bialystok-hospitality-barista-212.html,job,517,100.0,Yes,Yes,0,Low
https://rybezh.site/rzeszow-hospitality-barman-213.html,job,671,100.0,Yes,Yes,0,Low
https://rybezh.site/torun-hospitality-barman-214.html,job,498,100.0,Yes,Yes,0,Low
https://rybezh.site/plock-hospitality-kelner-215.html,job,707,100.0,Yes,Yes,0,Low
https://rybezh.site/sosnowiec-hospitality-barman-216.html,job,632,100.0,Yes,Yes,0,Low
https://rybezh.site/gdynia-hospitality-kelner-217.html,job,553,100.0,Yes,Yes,0,Low
https://rybezh.site/warsaw-hospitality-pracownik-cukierni-218.html,job,735,100.0,Yes,Yes,0,Low
https://rybezh.site/krakow-hospitality-pracownik-cukierni-219.html,job,658,100.0,Yes,Yes,0,Low
https://rybezh.site/wroclaw-hospitality-pomoc-cukiernika-220.html,job,632,100.0,Yes,Yes,0,Low
https://rybezh.site/poznan-hospitality-pracownik-cukierni-221.html,job,602,100.0,Yes,Yes,0,Low
https://rybezh.site/gdansk-hospitality-pracownik-cukierni-222.html,job,528,100.0,Yes,Yes,1,Low
https://rybezh.site/szczecin-hospitality-pracownik-cukierni-223.html,job,509,100.0,Yes,Yes,0,Low
https://rybezh.site/lodz-hospitality-pomoc-cukiernika-224.html,job,571,100.0,Yes,Yes,1,Low
https://rybezh.site/katowice-hospitality-pracownik-cukierni-225.html,job,603,100.0,Yes,Yes,0,Low
https://rybezh.site/lublin-hospitality-pomoc-cukiernika-226.html,job,482,100.0,Yes,Yes,1,Low
https://rybezh.site/bialystok-hospitality-pomoc-cukiernika-227.html,job,629,100.0,Yes,Yes,0,Low
https://rybezh.site/rzeszow-hospitality-cukiernik-228.html,job,600,100.0,Yes,Yes,0,Low
https://rybezh.site/torun-hospitality-pracownik-cukierni-229.html,job,666,100.0,Yes,Yes,0,Low
https://rybezh.site/plock-hospitality-pomoc-cukiernika-230.html,job,568,100.0,Yes,Yes,0,Low
https://rybezh.site/sosnowiec-hospitality-pracownik-cukierni-231.html,job,563,100.0,Yes,Yes,0,Low
https://rybezh.site/gdynia-hospitality-cukiernik-232.html,job,577,100.0,Yes,Yes,0,Low
https://rybezh.site/warsaw-hospitality-pomoc-na-zmywaku-233.html,job,546,100.0,Yes,Yes,0,Low
https://rybezh.site/krakow-hospitality-zmywak-234.html,job,534,100.0,Yes,Yes,1,Low
https://rybezh.site/wroclaw-hospitality-pomoc-na-zmywaku-235.html,job,598,100.0,Yes,Yes,0,Low
https://rybezh.site/poznan-hospitality-zmywak-236.html,job,537,100.0,Yes,Yes,1,Low
https://rybezh.site/gdansk-hospitality-zmywak-237.html,job,543,100.0,Yes,Yes,0,Low
https://rybezh.site/szczecin-hospitality-pracownik-zmywalni-238.html,job,593,100.0,Yes,Yes,0,Low
https://rybezh.site/lodz-hospitality-pracownik-zmywalni-239.html,job,659,100.0,Yes,Yes,0,Low
https://rybezh.site/katowice-hospitality-zmywak-240.html,job,681,100.0,Yes,Yes,0,Low
https://rybezh.site/lublin-hospitality-pomoc-na-zmywaku-241.html,job,503,100.0,Yes,Yes,0,Low
https://rybezh.site/bialystok-hospitality-pomoc-na-zmywaku-242.html,job,621,50.0,Yes,Yes,1,Low
https://rybezh.site/rzeszow-hospitality-zmywak-243.html,job,471,100.0,Yes,Yes,0,Low
https://rybezh.site/torun-hospitality-pracownik-zmywalni-244.html,job,591,50.0,Yes,Yes,1,Low
https://rybezh.site/plock-hospitality-zmywak-245.html,job,600,100.0,Yes,Yes,0,Low
https://rybezh.site/gdynia-hospitality-zmywak-246.html,job,472,100.0,Yes,Yes,0,Low
https://rybezh.site/warsaw-retail-sprzedawca-247.html,job,594,100.0,Yes,Yes,0,Low
https://rybezh.site/wroclaw-retail-kasjer-248.html,job,688,100.0,Yes,Yes,0,Low
https://rybezh.site/poznan-retail-pracownik-hali-sprzeda-y-249.html,job,708,100.0,Yes,Yes,0,Low
https://rybezh.site/gdansk-retail-kasjer-250.html,job,587,100.0,Yes,Yes,0,Low
https://rybezh.site/szczecin-retail-pracownik-hali-sprzeda-y-251.html,job,597,100.0,Yes,Yes,0,Low
https://rybezh.site/lodz-retail-sprzedawca-252.html,job,565,100.0,Yes,Yes,0,Low
https://rybezh.site/katowice-retail-pracownik-hali-sprzeda-y-253.html,job,611,100.0,Yes,Yes,0,Low
https://rybezh.site/lublin-retail-sprzedawca-254.html,job,637,100.0,Yes,Yes,0,Low
https://rybezh.site/bialystok-retail-pracownik-hali-sprzeda-y-255.html,job,707,100.0,Yes,Yes,0,Low
https://rybezh.site/torun-retail-pracownik-hali-sprzeda-y-256.html,job,541,100.0,Yes,Yes,0,Low
https://rybezh.site/plock-retail-sprzedawca-257.html,job,527,100.0,Yes,Yes,0,Low
https://rybezh.site/sosnowiec-retail-sprzedawca-258.html,job,616,100.0,Yes,Yes,0,Low
https://rybezh.site/gdynia-retail-sprzedawca-259.html,job,711,100.0,Yes,Yes,0,Low
https://rybezh.site/warsaw-retail-sprzedawca-260.html,job,453,100.0,Yes,Yes,0,Low
https://rybezh.site/krakow-retail-sprzedawca-261.html,job,695,100.0,Yes,Yes,0,Low
https://rybezh.site/wroclaw-retail-doradca-klienta-262.html,job,647,100.0,Yes,Yes,0,Low
https://rybezh.site/poznan-retail-doradca-klienta-263.html,job,736,100.0,Yes,Yes,0,Low
https://rybezh.site/gdansk-retail-sprzedawca-264.html,job,540,100.0,Yes,Yes,0,Low
https://rybezh.site/szczecin-retail-doradca-klienta-265.html,job,481,100.0,Yes,Yes,0,Low
https://rybezh.site/lodz-retail-sprzedawca-266.html,job,448,100.0,Yes,Yes,0,Low
https://rybezh.site/katowice-retail-doradca-klienta-267.html,job,521,100.0,Yes,Yes,0,Low
https://rybezh.site/lublin-retail-stylista-sprzedawca-268.html,job,490,100.0,Yes,Yes,0,Low
https://rybezh.site/bialystok-retail-sprzedawca-269.html,job,519,100.0,Yes,Yes,0,Low
https://rybezh.site/rzeszow-retail-sprzedawca-270.html,job,568,100.0,Yes,Yes,0,Low
https://rybezh.site/torun-retail-stylista-sprzedawca-271.html,job,547,100.0,Yes,Yes,0,Low
https://rybezh.site/plock-retail-doradca-klienta-272.html,job,526,100.0,Yes,Yes,0,Low
https://rybezh.site/sosnowiec-retail-stylista-sprzedawca-273.html,job,542,100.0,Yes,Yes,0,Low
https://rybezh.site/gdynia-retail-stylista-sprzedawca-274.html,job,448,100.0,Yes,Yes,0,Low
https://rybezh.site/warsaw-beauty-stylistka-paznokci-275.html,job,579,100.0,Yes,Yes,0,Low
https://rybezh.site/krakow-beauty-manikiurzystka-276.html,job,642,100.0,Yes,Yes,1,Low
https://rybezh.site/poznan-beauty-stylistka-paznokci-277.html,job,683,100.0,Yes,Yes,0,Low
https://rybezh.site/gdansk-beauty-stylistka-paznokci-278.html,job,537,100.0,Yes,Yes,0,Low
https://rybezh.site/szczecin-beauty-stylistka-paznokci-279.html,job,478,100.0,Yes,Yes,0,Low
https://rybezh.site/lodz-beauty-stylistka-paznokci-280.html,job,697,100.0,Yes,Yes,1,Low
https://rybezh.site/katowice-beauty-manikiurzystka-281.html,job,538,100.0,Yes,Yes,0,Low
https://rybezh.site/lublin-beauty-stylistka-paznokci-282.html,job,537,100.0,Yes,Yes,1,Low
https://rybezh.site/bialystok-beauty-manikiurzystka-283.html,job,575,100.0,Yes,Yes,0,Low
https://rybezh.site/rzeszow-beauty-technik-paznokci-284.html,job,612,100.0,Yes,Yes,0,Low
https://rybezh.site/torun-beauty-manikiurzystka-285.html,job,708,100.0,Yes,Yes,0,Low
https://rybezh.site/plock-beauty-technik-paznokci-286.html,job,565,100.0,Yes,Yes,0,Low
https://rybezh.site/sosnowiec-beauty-technik-paznokci-287.html,job,553,100.0,Yes,Yes,0,Low
https://rybezh.site/gdynia-beauty-manikiurzystka-288.html,job,526,100.0,Yes,Yes,0,Low
https://rybezh.site/warsaw-education-pomoc-nauczyciela-289.html,job,726,100.0,Yes,Yes,1,Low
https://rybezh.site/krakow-education-asystent-w-przedszkolu-290.html,job,678,100.0,Yes,Yes,0,Low
https://rybezh.site/poznan-education-pomoc-nauczyciela-291.html,job,727,100.0,Yes,Yes,1,Low
https://rybezh.site/gdansk-education-asystent-w-przedszkolu-292.html,job,705,100.0,Yes,Yes,0,Low
https://rybezh.site/szczecin-education-asystent-w-przedszkolu-293.html,job,499,100.0,Yes,Yes,0,Low
https://rybezh.site/lodz-education-pomoc-nauczyciela-294.html,job,474,100.0,Yes,Yes,0,Low
https://rybezh.site/katowice-education-asystent-w-przedszkolu-295.html,job,607,100.0,Yes,Yes,0,Low
https://rybezh.site/bialystok-education-pomoc-nauczyciela-296.html,job,466,100.0,Yes,Yes,1,Low
https://rybezh.site/rzeszow-education-niania-297.html,job,483,100.0,Yes,Yes,0,Low
https://rybezh.site/torun-education-pomoc-nauczyciela-298.html,job,456,100.0,Yes,Yes,0,Low
https://rybezh.site/plock-education-asystent-w-przedszkolu-299.html,job,648,100.0,Yes,Yes,0,Low
https://rybezh.site/sosnowiec-education-pomoc-nauczyciela-300.html,job,573,100.0,Yes,Yes,0,Low
https://rybezh.site/gdynia-education-asystent-w-przedszkolu-301.html,job,548,100.0,Yes,Yes,0,Low
https://rybezh.site/wroclaw-education-pomoc-nauczyciela-302.html,job,577,100.0,Yes,Yes,0,Low
https://rybezh.site/lublin-education-asystent-w-przedszkolu-303.html,job,493,100.0,Yes,Yes,0,Low
https://rybezh.site/warsaw-security-pracownik-ochrony-304.html,job,547,100.0,Yes,Yes,0,Low
https://rybezh.site/krakow-security-ochroniarz-305.html,job,690,100.0,Yes,Yes,0,Low
https://rybezh.site/wroclaw-security-pracownik-ochrony-306.html,job,487,100.0,Yes,Yes,0,Low
https://rybezh.site/poznan-security-ochroniarz-przemyslowy-307.html,job,596,100.0,Yes,Yes,0,Low
https://rybezh.site/lodz-security-pracownik-ochrony-tc-308.html,job,639,100.0,Yes,Yes,0,Low
https://rybezh.site/gdansk-security-ochroniarz-port-309.html,job,615,100.0,Yes,Yes,0,Low
https://rybezh.site/szczecin-security-ochroniarz-logistyka-310.html,job,471,100.0,Yes,Yes,0,Low
https://rybezh.site/lublin-security-ochroniarz-311.html,job,478,100.0,Yes,Yes,0,Low
https://rybezh.site/bialystok-security-stroz-312.html,job,546,100.0,Yes,Yes,0,Low
https://rybezh.site/katowice-security-ochroniarz-budowa-313.html,job,578,100.0,Yes,Yes,0,Low
https://rybezh.site/warsaw-security-pracownik-ochrony-300.html,job,701,100.0,Yes,Yes,0,Low
https://rybezh.site/gdansk-hospitality-pomocnik-kucharza-301.html,job,467,100.0,Yes,Yes,0,Low
https://rybezh.site/remote-it-data-entry-specialist-302.html,job,494,100.0,Yes,Yes,0,Low
https://rybezh.site/krakow-security-portier-303.html,job,447,100.0,Yes,Yes,0,Low
https://rybezh.site/post-yak-znyaty-kimnatu-v-polshchi-bez-poserednykiv-2026.html,blog,1661,100.0,Yes,Yes,4,Medium
https://rybezh.site/post-top-5-mist-dlya-ukraintsiv-v-yevropi-2026.html,blog,1992,100.0,Yes,Yes,4,Medium
https://rybezh.site/post-realna-zarplata-polshcha-2026-porivnyannya.html,blog,1725,100.0,Yes,Yes,4,Medium
https://rybezh.site/post-pesel-i-pit-pokrokovo-2026.html,blog,1699,100.0,Yes,Yes,4,Medium
https://rybezh.site/post-yak-ne-potrapyty-na-shakhraiv-polshcha-2026-real.html,blog,2635,100.0,Yes,Yes,4,Medium
https://rybezh.site/post-work-from-home-2026-ai-vs-human.html,blog,1732,100.0,Yes,Yes,4,Medium
https://rybezh.site/post-should-we-trust-ai-2026-practical-human-guide.html,blog,1909,100.0,Yes,Yes,4,Medium
https://rybezh.site/post-rybezh-proof-how-to-read-job-score-human-guide.html,blog,1894,100.0,Yes,Yes,4,Medium
https://rybezh.site/post-medical-sick-leave-poland-ezla-80-100-percent-guide.html,blog,2630,100.0,Yes,Yes,4,Medium
https://rybezh.site/post-first-30-days-poland-everyday-life-mentality-guide.html,blog,3745,100.0,Yes,Yes,4,Medium
https://rybezh.site/post-europe-earnings-comparison-2026-real-numbers.html,blog,3911,100.0,Yes,Yes,4,Medium
https://rybezh.site/post-cook-jobs-poland-2026-guide.html,blog,1718,100.0,Yes,Yes,4,Medium
https://rybezh.site/post-security-guard-poland-2026-guide.html,blog,1612,100.0,Yes,Yes,4,Medium
https://rybezh.site/post-earnings-poland-2026-netto-costs-guide.html,blog,1729,100.0,Yes,Yes,4,Medium
https://rybezh.site/post-ukrainians-temporary-protection-europe-2026-guide.html,blog,2014,100.0,Yes,Yes,4,Medium
https://rybezh.site/post-courier-route-planning-city-map.html,blog,1759,100.0,Yes,Yes,4,Medium
https://rybezh.site/post-adaptation-in-poland-living-guide.html,blog,1715,100.0,Yes,Yes,4,Medium
https://rybezh.site/post-courier-financial-cushion-guide.html,blog,1726,100.0,Yes,Yes,4,Medium
https://rybezh.site/post-courier-health-ergonomics-guide.html,blog,1698,100.0,Yes,Yes,4,Medium
https://rybezh.site/post-history-of-glovo-rappi-and-others.html,blog,1730,100.0,Yes,Yes,4,Medium
https://rybezh.site/post-bafang-mid-drive-vs-hub-motor-courier-gear.html,blog,1699,100.0,Yes,Yes,4,Medium
https://rybezh.site/post-electric-bike-delivery-guide.html,blog,1708,100.0,Yes,Yes,4,Medium
https://rybezh.site/post-zarobky-kuriera-polshcha-2026.html,blog,1828,100.0,Yes,Yes,4,Medium
https://rybezh.site/post-robota-kurierom-bez-dosvidu-polska.html,blog,1734,100.0,Yes,Yes,4,Medium
https://rybezh.site/post-how-to-prepare-first-shift.html,blog,1663,100.0,Yes,Yes,4,Medium
https://rybezh.site/post-bike-scooter-or-car.html,blog,1663,100.0,Yes,Yes,4,Medium
https://rybezh.site/post-legalization-karta-pobytu.html,blog,1612,100.0,Yes,Yes,4,Medium
https://rybezh.site/post-real-earnings-factors.html,blog,1654,100.0,Yes,Yes,4,Medium
https://rybezh.site/post-taxes-and-zus.html,blog,1670,100.0,Yes,Yes,4,Medium
https://rybezh.site/post-courier-safety.html,blog,1648,100.0,Yes,Yes,4,Medium
https://rybezh.site/post-winter-courier-tips.html,blog,1652,100.0,Yes,Yes,4,Medium
https://rybezh.site/post-best-hours-for-delivery.html,blog,1720,100.0,Yes,Yes,4,Medium
https://rybezh.site/post-rent-gear-guide.html,blog,1651,100.0,Yes,Yes,4,Medium
https://rybezh.site/post-rating-and-orders.html,blog,1656,100.0,Yes,Yes,4,Medium
https://rybezh.site/post-top-5-apps.html,blog,1587,100.0,Yes,Yes,4,Medium
https://rybezh.site/post-tips-psychology.html,blog,1713,100.0,Yes,Yes,4,Medium
https://rybezh.site/post-warsaw-courier-guide.html,blog,1716,100.0,Yes,Yes,4,Medium
https://rybezh.site/post-students-courier.html,blog,1679,100.0,Yes,Yes,4,Medium
https://rybezh.site/post-courier-insurance.html,blog,1677,100.0,Yes,Yes,4,Medium
https://rybezh.site/post-eco-delivery.html,blog,1695,100.0,Yes,Yes,4,Medium
https://rybezh.site/post-avoid-burnout.html,blog,1489,100.0,Yes,Yes,4,Medium
https://rybezh.site/post-common-mistakes.html,blog,1584,100.0,Yes,Yes,4,Medium
https://rybezh.site/post-faq-new-couriers.html,blog,1545,100.0,Yes,Yes,4,Medium
https://rybezh.site/post-courier-career.html,blog,1422,100.0,Yes,Yes,4,Medium
https://rybezh.site/post-net-earnings-after-costs.html,blog,1592,100.0,Yes,Yes,4,Medium
https://rybezh.site/post-hourly-vs-per-delivery-2026.html,blog,1442,100.0,Yes,Yes,4,Medium
https://rybezh.site/post-bonuses-boost-earnings.html,blog,1496,100.0,Yes,Yes,4,Medium
https://rybezh.site/post-find-job-poland-no-experience.html,blog,1555,100.0,Yes,Yes,4,Medium
https://rybezh.site/post-taxes-zus-foreigners-poland-2026.html,blog,1511,100.0,Yes,Yes,4,Medium
https://rybezh.site/post-work-in-europe-2026-guide.html,blog,2028,100.0,Yes,Yes,4,Medium
https://rybezh.site/post-worker-rights-poland-contracts-zus-sick-leave-guide-2026.html,blog,4039,100.0,Yes,Yes,4,Medium
https://rybezh.site/post-courier-burnout-prevention-recovery-guide.html,blog,4191,100.0,Yes,Yes,4,Medium
https://rybezh.site/post-freelance-poland-2026-guide.html,blog,2182,100.0,Yes,Yes,4,Medium
https://rybezh.site/post-robota-v-yevropi-bez-dokumentiv-dlya-ukraintsiv.html,blog,2629,100.0,Yes,Yes,4,Medium
